cost,ID_trainer,ID_object,ID_store,discount,date_time,amount
2878,304,48,15,74,2022-11-13,25
4762,452,3,21,89,2022-05-29,36
2314,278,247,19,44,2022-12-14,14
3412,343,218,8,8,2023-02-09,7
1079,159,113,35,88,2022-12-16,50
559,351,438,17,71,2023-04-09,9
1279,73,170,16,60,2023-03-18,50
1840,345,126,6,89,2023-01-03,14
2450,336,3,27,48,2023-03-29,43
3156,14,394,6,33,2022-09-19,19
702,461,219,31,69,2022-05-31,48
4270,322,543,27,4,2022-07-29,8
290,409,110,32,67,2022-06-28,4
2298,389,426,23,23,2022-10-19,45
448,472,148,31,5,2022-05-27,15
1346,187,378,30,75,2023-01-12,34
1336,509,205,0,17,2022-07-06,13
4409,140,151,35,97,2022-10-09,18
671,120,258,40,1,2022-12-13,39
245,449,321,31,9,2022-05-26,46
4774,175,4,28,91,2022-06-19,37
4331,47,507,22,41,2022-08-29,39
113,245,4,6,14,2023-04-23,23
2902,204,33,3,17,2022-09-22,27
4438,310,120,7,76,2023-03-19,28
2353,38,345,26,82,2023-02-02,38
2308,512,387,21,29,2023-03-30,4
20,151,425,27,3,2022-05-22,21
4395,377,368,6,74,2023-02-21,11
4043,416,466,23,13,2022-06-23,13
3326,344,92,36,41,2022-11-18,31
3897,378,359,35,75,2022-10-13,41
2584,483,433,24,16,2022-08-24,39
4154,4,443,39,49,2023-03-09,32
1777,46,556,39,9,2022-09-21,1
2201,160,140,26,11,2022-10-16,21
3360,348,494,6,38,2023-02-20,8
4694,450,115,16,41,2023-03-23,38
3471,100,275,13,9,2022-10-05,34
2588,143,121,17,45,2023-02-04,47
1509,194,2,4,63,2022-10-02,33
2166,143,405,39,40,2022-10-29,10
553,267,128,10,100,2023-02-24,14
1347,347,111,2,95,2023-04-09,45
3720,451,43,26,74,2022-08-03,14
2056,274,215,2,89,2023-01-31,33
1116,169,412,14,67,2023-04-22,15
933,247,483,27,35,2022-09-01,50
310,15,489,9,63,2022-12-11,27
530,486,86,4,30,2022-12-05,12
260,259,257,39,47,2022-10-29,27
456,417,17,30,100,2023-02-17,48
3413,510,526,9,95,2023-04-29,26
1401,260,104,1,91,2022-08-15,8
1067,445,418,12,45,2022-10-14,44
3757,464,549,4,2,2022-08-27,21
4572,76,14,8,6,2022-10-06,39
1975,415,10,34,69,2022-06-28,34
3900,129,333,17,55,2022-09-01,42
912,426,281,40,15,2023-03-06,17
3911,233,71,25,61,2022-08-01,14
2955,443,384,14,26,2022-05-09,23
3569,147,538,8,43,2022-10-05,38
3027,297,488,32,77,2022-08-04,24
1196,330,389,15,70,2023-04-12,39
2609,227,534,3,66,2022-09-10,41
4200,129,43,27,92,2022-07-22,2
333,340,179,23,79,2022-12-11,50
4547,413,103,23,93,2022-08-12,23
3621,152,554,29,25,2023-01-27,43
935,535,532,30,57,2022-07-04,50
540,525,506,7,38,2022-06-06,31
2155,84,461,30,5,2023-01-25,31
3970,446,180,39,17,2023-03-26,44
413,285,314,33,54,2022-06-26,15
2402,360,273,39,52,2022-10-21,2
1737,50,230,34,38,2022-11-12,27
2832,47,84,6,46,2022-06-17,14
2294,497,221,31,13,2022-12-05,17
3402,13,538,32,30,2022-10-04,50
2848,2,125,36,55,2023-02-15,31
4475,20,13,3,50,2023-04-20,6
4806,435,31,29,51,2023-01-01,39
3504,112,93,5,54,2022-05-16,15
726,211,143,36,37,2022-06-12,46
3673,341,509,6,73,2023-01-24,13
4363,162,458,11,56,2023-02-07,5
2347,508,447,18,51,2022-11-07,32
201,131,480,8,91,2022-11-27,33
3420,443,394,37,86,2022-05-29,21
2106,251,155,23,25,2022-08-17,44
2581,260,156,39,55,2022-09-30,45
438,460,10,28,22,2022-05-15,50
1743,260,492,24,72,2022-10-15,10
3561,143,62,35,78,2022-10-31,9
3683,292,527,10,17,2022-12-14,17
3611,51,359,39,33,2022-12-09,28
3638,458,535,38,80,2022-09-07,26
3272,55,458,38,44,2022-06-29,45
978,502,551,6,18,2023-03-12,22
3174,61,68,13,57,2022-12-05,39
4444,188,195,37,83,2023-01-23,16
4462,488,273,19,45,2022-05-14,39
209,453,28,29,32,2022-10-10,19
1683,163,328,25,41,2023-02-10,3
4567,416,341,1,87,2023-01-16,19
1833,142,484,23,94,2022-05-16,2
3783,517,359,36,26,2022-08-24,17
160,508,351,1,91,2022-11-23,26
4121,172,48,39,90,2023-04-13,40
526,385,344,28,81,2022-12-14,5
1651,461,405,28,49,2022-12-24,5
856,235,165,6,65,2022-11-01,30
554,351,335,30,67,2023-01-24,10
1750,256,350,37,10,2022-06-14,9
322,112,228,33,36,2023-02-06,42
4135,393,98,1,46,2023-01-29,9
4500,29,256,33,43,2023-04-18,22
1607,63,331,5,12,2022-07-23,18
2609,484,24,23,38,2022-05-24,26
2988,284,44,24,72,2022-05-16,31
3489,163,47,35,19,2022-07-19,30
4131,452,492,7,82,2022-06-26,21
79,468,297,37,16,2022-08-10,43
4707,275,84,24,30,2022-09-20,42
3504,430,328,28,76,2022-10-31,12
1899,215,334,12,80,2022-06-03,8
614,187,5,29,3,2022-08-05,16
4396,515,181,9,21,2022-05-20,1
1666,96,300,18,58,2022-08-17,25
3720,96,264,30,61,2022-11-15,26
1881,390,17,15,50,2023-02-04,18
1404,78,258,23,59,2022-09-19,7
3244,295,136,40,49,2022-06-22,4
3987,286,138,17,79,2022-11-13,13
3744,404,95,28,73,2022-08-08,48
1323,256,474,24,89,2022-09-28,40
3345,437,137,20,32,2022-07-29,44
4543,57,83,16,9,2022-10-14,43
4433,282,257,22,99,2022-05-13,9
1317,248,5,30,7,2023-02-02,2
1513,383,129,28,31,2022-08-27,11
1807,310,407,39,68,2023-01-16,21
3717,387,54,30,49,2022-12-26,49
2903,245,529,31,32,2022-12-21,44
1923,89,165,9,56,2023-03-27,45
4050,233,175,38,95,2022-06-15,13
3409,150,477,16,99,2022-05-05,39
2379,202,213,15,1,2022-10-20,29
2861,463,218,16,88,2023-04-25,43
4227,86,285,25,16,2022-06-23,33
3179,136,429,26,95,2022-12-31,27
2523,42,371,29,66,2022-12-17,29
4422,512,75,38,75,2022-05-24,2
2328,160,420,28,96,2022-09-15,34
1792,196,275,12,38,2023-04-03,37
3432,174,381,37,89,2022-06-19,31
501,29,334,20,59,2023-03-28,47
4369,138,118,23,44,2022-09-13,19
3103,175,352,36,21,2023-02-11,44
4742,418,196,30,5,2023-01-24,27
2060,8,123,25,95,2022-08-08,24
4863,140,483,39,30,2022-05-21,29
4898,64,4,34,77,2023-02-28,22
2081,439,148,3,26,2022-08-27,18
469,446,95,6,76,2022-09-29,8
4339,227,6,10,94,2022-06-17,3
1356,494,257,17,16,2022-07-11,25
4114,197,269,33,87,2022-10-15,3
4339,271,241,32,43,2022-11-26,2
1232,247,235,16,90,2022-11-30,49
1867,102,489,27,39,2022-10-15,47
133,137,335,17,97,2022-07-16,18
2842,204,183,10,74,2022-07-01,45
1576,466,533,9,57,2023-02-07,17
4926,123,6,35,50,2022-11-25,16
1634,409,376,1,37,2023-03-01,14
61,374,92,32,78,2022-08-01,25
3832,236,472,25,11,2022-11-03,9
4351,430,458,25,2,2023-01-23,6
3600,246,286,35,52,2023-03-02,27
1616,55,97,16,6,2023-01-01,4
4207,394,391,21,26,2023-01-01,46
561,383,509,31,68,2022-08-09,2
1339,438,112,30,93,2022-11-05,14
2,8,365,40,62,2023-02-25,5
3036,351,560,20,88,2022-10-25,37
287,78,302,13,64,2022-09-23,38
864,81,517,38,48,2022-08-07,23
906,134,67,27,79,2022-10-21,10
1591,332,100,34,66,2023-01-20,42
2468,358,215,27,49,2023-02-05,29
2646,431,65,5,14,2022-12-18,34
2456,438,376,32,50,2023-04-10,42
1904,476,439,38,25,2022-06-05,16
618,313,321,29,41,2022-10-22,39
1574,106,249,36,38,2022-10-30,2
1032,321,420,21,40,2023-03-25,26
4520,45,288,15,84,2022-07-28,42
2496,134,514,0,18,2022-07-27,21
4866,357,133,36,99,2023-03-22,45
527,154,181,5,49,2022-05-05,19
4870,26,369,30,65,2023-01-08,5
3295,333,88,1,26,2022-09-01,13
881,210,118,22,46,2023-01-01,25
2771,236,550,25,79,2022-05-18,14
2172,521,52,27,22,2022-06-29,49
1704,156,216,15,24,2022-12-10,45
4106,475,387,6,81,2023-02-14,47
1774,281,403,33,92,2022-11-07,13
2898,116,503,16,67,2022-07-27,11
3569,130,216,33,84,2023-04-18,10
841,371,57,10,95,2022-06-15,25
2235,387,335,22,4,2022-07-05,33
1957,529,499,37,27,2023-02-19,30
3822,115,448,15,49,2022-06-07,28
4395,84,392,8,5,2022-07-29,27
928,356,362,35,43,2022-08-09,15
900,383,125,37,91,2022-12-13,40
3440,125,4,38,69,2022-10-14,18
4698,185,24,0,6,2022-12-12,19
3023,352,271,4,78,2023-04-07,25
4044,171,70,18,37,2023-01-21,33
1012,352,516,7,35,2022-05-09,20
805,515,365,24,48,2023-03-20,16
694,194,533,7,46,2022-11-28,41
3534,194,81,31,95,2022-05-03,48
421,392,177,39,60,2022-09-04,14
2820,121,406,4,54,2022-12-04,42
4231,205,475,16,65,2022-12-10,2
1433,103,306,32,98,2023-04-27,44
2423,222,537,23,51,2023-02-24,11
3497,419,281,13,56,2022-10-11,12
3281,480,460,11,59,2022-06-09,14
3051,211,242,10,5,2022-08-26,5
1236,525,478,5,78,2023-04-07,40
2092,41,561,33,17,2023-02-01,27
4940,365,73,30,60,2022-07-08,37
3254,409,51,23,72,2022-07-27,8
3326,460,413,32,15,2023-01-25,7
814,52,267,5,40,2023-01-26,34
3964,321,223,2,37,2023-04-11,26
1873,466,512,32,84,2022-06-18,2
3870,484,191,25,63,2022-07-12,47
2661,170,253,7,38,2022-08-07,17
1538,263,47,24,50,2022-10-11,46
1883,290,163,40,54,2022-11-26,2
4577,178,134,22,38,2022-11-22,45
1661,282,110,30,16,2022-05-25,3
4384,373,275,26,37,2022-11-19,8
3888,70,288,8,57,2022-07-04,38
3994,388,48,39,17,2022-09-23,16
1720,143,239,24,8,2022-07-11,6
3095,113,66,19,56,2022-12-07,10
1970,158,113,5,23,2022-05-02,32
1766,173,540,39,67,2022-06-08,9
3931,339,262,25,82,2022-07-13,21
4244,430,265,13,76,2022-05-29,13
2844,510,325,38,7,2023-02-25,18
3029,475,111,16,5,2022-08-12,7
602,129,266,14,32,2022-07-14,7
2483,388,473,19,75,2022-05-31,17
2995,352,197,37,83,2023-03-21,23
1048,328,288,8,45,2022-11-19,32
3933,131,267,39,72,2023-02-15,36
1474,27,503,32,80,2023-01-11,27
4857,184,349,27,70,2022-05-29,49
4496,115,266,2,43,2022-08-21,28
106,470,183,31,19,2023-04-09,21
164,518,79,33,12,2022-08-01,18
2597,266,335,11,31,2022-07-09,30
2688,148,201,38,78,2022-05-13,38
2483,339,73,26,39,2022-12-08,8
3208,532,36,28,67,2022-05-31,13
1538,340,16,8,53,2022-05-09,19
3917,69,209,6,26,2023-02-25,13
178,352,149,11,93,2022-06-18,17
1021,399,342,1,17,2022-11-28,48
4349,484,410,10,1,2023-02-12,43
2694,336,273,7,95,2023-03-11,7
4449,499,239,16,19,2022-10-26,2
3693,242,460,34,37,2023-01-18,2
4369,28,272,8,66,2022-08-10,26
4032,147,121,25,32,2023-01-14,44
3069,462,385,20,32,2023-01-06,29
2453,75,443,5,95,2022-07-12,43
1850,29,341,37,79,2022-09-21,46
1003,77,495,14,77,2023-04-06,37
2318,535,52,12,35,2022-07-10,47
2183,136,3,14,93,2022-08-21,44
1073,267,42,40,16,2022-08-22,24
3813,260,424,25,38,2023-03-21,47
2480,451,362,29,96,2022-12-14,37
1181,75,129,32,60,2022-12-12,30
4136,464,223,36,29,2022-10-11,41
4117,500,210,17,92,2022-12-30,15
1846,353,468,34,47,2022-11-12,26
4678,273,187,34,62,2022-05-02,37
250,229,339,21,57,2022-05-15,29
4837,69,39,7,25,2022-09-28,11
4656,384,76,3,4,2022-07-11,37
1189,306,75,31,6,2022-05-17,46
262,492,385,6,31,2022-12-09,27
3338,100,120,16,16,2022-06-03,34
1124,390,532,14,52,2022-08-08,33
1681,123,157,39,59,2023-02-20,20
1999,101,215,6,19,2022-10-29,42
4253,338,36,22,88,2022-10-15,13
3019,161,541,5,21,2023-02-02,12
2070,3,391,31,86,2022-11-21,5
2272,446,370,8,62,2022-11-25,50
3908,403,449,11,59,2022-07-03,45
1578,317,376,10,60,2022-11-08,21
1528,192,250,27,6,2023-01-07,40
155,440,334,22,27,2022-10-11,16
1217,248,150,11,18,2022-12-23,41
1146,200,270,25,78,2022-11-29,16
3925,17,13,24,36,2022-10-18,31
4547,229,488,13,88,2023-04-18,35
1570,261,25,34,14,2023-03-12,37
2523,513,149,34,17,2022-07-30,18
4352,72,476,16,40,2023-02-15,47
251,101,101,33,100,2022-07-10,42
395,467,318,31,70,2022-06-03,26
3545,54,123,12,27,2022-08-08,45
3744,267,467,9,82,2022-07-23,14
1845,307,118,6,63,2023-01-17,20
3932,13,32,24,6,2022-12-20,47
560,67,176,36,83,2023-04-04,35
3128,406,96,27,87,2023-01-24,15
164,500,342,19,4,2023-04-21,46
319,155,510,22,89,2022-05-05,17
4109,120,268,2,68,2023-01-21,17
2805,187,433,37,32,2022-09-09,28
680,527,175,36,51,2022-11-08,7
4120,110,161,3,20,2022-09-19,27
2273,450,91,23,88,2023-02-09,30
2742,187,102,11,47,2023-03-20,29
4117,302,412,19,24,2022-05-04,42
378,347,454,40,44,2023-03-04,35
2206,170,275,13,89,2022-11-05,3
781,114,537,35,88,2023-03-04,8
3378,303,389,29,21,2022-11-26,5
3660,251,515,28,35,2022-06-07,5
3410,237,204,23,79,2022-09-29,37
4214,288,6,22,23,2023-03-25,11
1934,332,255,28,66,2022-10-19,35
208,144,519,33,61,2023-01-20,47
1456,138,173,19,28,2023-03-13,50
1247,274,517,31,64,2022-08-25,49
4207,414,88,23,59,2023-02-13,23
4954,427,236,10,38,2022-05-31,33
2934,214,117,37,3,2022-12-25,48
4098,222,403,6,16,2022-10-18,40
3844,41,383,0,73,2022-09-15,1
4504,282,51,23,30,2023-01-24,30
2641,271,186,13,55,2022-10-08,18
273,162,172,10,91,2023-01-17,26
1257,529,527,4,4,2022-11-26,21
920,394,354,1,81,2022-07-16,49
4391,306,443,40,90,2022-11-01,5
1881,449,469,14,34,2023-03-12,23
767,225,178,29,74,2022-07-28,11
679,97,69,3,6,2022-05-12,42
3540,181,361,12,26,2022-10-18,48
1463,88,354,20,82,2023-03-12,12
2949,497,540,35,78,2023-01-07,46
3428,139,90,38,42,2023-02-07,29
1945,84,556,3,78,2022-12-05,34
3267,60,56,27,100,2022-10-02,32
3604,337,388,21,69,2022-07-29,42
294,496,262,32,35,2023-01-21,25
3767,110,95,20,5,2022-08-14,37
2186,520,359,5,29,2023-02-21,43
1958,260,303,15,51,2022-09-27,12
3602,196,263,3,92,2023-04-10,16
1555,530,466,36,77,2022-11-12,39
3711,336,476,36,96,2022-09-17,12
2006,490,226,22,6,2023-04-06,31
4114,228,264,27,83,2022-12-05,44
831,332,282,16,86,2022-10-28,26
4640,177,210,14,80,2022-10-06,1
2939,230,187,17,78,2022-05-19,35
4643,529,294,9,84,2022-11-10,3
3126,428,394,33,71,2023-02-12,28
4025,187,84,2,37,2023-02-09,45
10,151,512,3,36,2022-09-25,7
4808,358,298,22,35,2023-02-21,12
4958,382,330,16,8,2022-12-10,50
2068,67,262,0,98,2022-11-08,45
2583,373,5,32,79,2023-04-14,44
1038,435,486,12,3,2022-05-06,4
2815,214,366,31,62,2022-10-28,49
4266,191,101,38,3,2022-09-03,15
4251,428,195,1,74,2022-07-26,48
622,280,107,20,11,2022-07-08,5
250,382,106,0,97,2022-09-01,22
3113,90,330,15,26,2023-03-09,46
2768,280,502,16,13,2022-09-27,19
2878,444,206,19,81,2022-12-31,42
4364,81,380,3,88,2022-09-30,32
2432,92,26,21,29,2022-06-19,4
4666,511,111,39,22,2022-09-03,39
4271,525,543,7,77,2022-12-13,35
433,477,475,11,37,2022-09-17,2
4376,250,337,10,76,2023-02-21,8
3148,107,535,36,97,2022-12-18,33
4925,513,468,23,60,2023-03-24,45
569,194,257,6,83,2022-05-06,7
1450,117,271,28,70,2022-08-18,23
10,54,189,18,71,2023-02-21,17
4791,271,446,17,25,2023-04-23,7
4211,160,47,26,82,2022-10-23,12
3930,1,453,4,31,2023-04-18,34
1512,157,430,14,86,2022-05-15,33
422,408,9,15,12,2023-02-05,47
3223,251,23,39,98,2022-07-05,28
2225,443,339,36,99,2022-12-28,32
726,191,533,4,17,2022-12-07,39
2396,303,145,0,38,2023-04-01,15
4104,361,191,31,12,2023-03-03,43
2705,320,101,11,36,2022-08-07,16
1458,199,548,34,39,2022-12-30,6
606,502,161,12,100,2022-06-22,47
1314,52,514,21,79,2022-09-05,41
4916,467,332,39,60,2022-08-30,31
1705,495,303,33,90,2023-01-31,27
213,157,69,39,37,2022-09-07,39
4992,269,562,0,9,2022-05-18,29
4046,306,315,6,53,2023-03-25,29
2360,408,290,6,16,2023-02-25,38
2599,45,41,22,42,2023-04-02,17
4371,316,513,37,83,2023-01-30,9
4676,181,45,37,1,2023-01-06,21
1779,408,479,21,46,2022-06-17,42
1108,472,438,24,94,2022-09-22,11
4426,320,552,8,21,2022-12-06,11
1371,223,237,8,14,2022-11-29,43
3910,360,468,38,90,2022-08-12,9
1546,75,126,22,5,2023-04-16,10
2310,180,124,26,79,2022-07-31,48
3354,61,48,35,24,2022-08-13,20
219,142,524,18,17,2022-12-08,19
502,226,314,24,87,2023-01-13,3
4887,328,162,2,6,2022-06-19,48
3313,8,377,17,57,2022-05-29,44
4737,378,438,2,49,2022-07-21,25
2362,15,498,5,51,2023-01-21,24
4674,500,268,40,18,2022-09-01,50
0,331,285,29,85,2022-10-14,4
517,378,536,13,22,2023-03-21,17
3569,264,121,13,60,2022-11-24,38
4874,24,250,35,40,2023-01-08,13
4262,509,381,2,86,2022-11-20,6
3339,84,69,18,36,2022-10-26,18
392,448,535,15,14,2023-02-12,46
3285,174,89,33,25,2022-08-31,48
1073,515,556,0,46,2022-05-28,17
3917,385,212,14,68,2022-07-08,10
1652,413,35,5,75,2022-11-24,4
1402,20,173,38,32,2022-05-19,36
2358,309,262,14,94,2023-04-17,11
1737,516,377,29,54,2022-07-21,11
3096,89,158,19,43,2023-04-13,26
1385,363,458,14,81,2022-11-27,20
3359,179,43,32,51,2022-06-05,3
4349,95,398,6,83,2022-10-18,46
2230,320,325,24,49,2022-08-30,49
4406,207,77,39,76,2023-02-10,27
329,341,288,31,13,2022-07-14,31
440,359,347,9,65,2023-04-03,36
3419,276,215,3,28,2022-12-30,43
1590,147,135,8,13,2023-03-26,41
2315,265,518,17,41,2022-07-25,44
4860,194,63,16,76,2022-07-24,26
917,496,346,8,52,2023-04-25,39
4288,97,68,14,36,2022-11-23,33
3476,460,226,2,78,2022-07-11,41
759,331,213,19,23,2023-02-11,11
3176,326,550,25,75,2022-05-05,21
2990,256,21,30,74,2022-07-05,19
206,262,209,18,7,2022-09-07,20
2625,468,372,18,59,2022-10-11,10
2455,481,402,34,17,2022-05-26,12
4754,536,260,29,6,2022-09-19,44
3230,419,241,4,36,2022-10-06,28
4083,321,438,7,91,2022-07-08,29
2330,412,139,34,27,2022-07-26,49
1045,298,316,5,39,2022-10-19,35
1709,210,148,22,64,2023-01-25,26
2703,172,525,14,52,2022-12-23,5
2320,487,54,19,23,2022-12-04,34
385,39,4,8,66,2022-08-07,12
1858,471,134,32,66,2022-06-12,48
4128,435,246,4,48,2022-06-15,11
2714,161,331,28,47,2022-10-27,40
754,336,73,30,88,2022-05-19,13
2668,412,164,26,95,2023-04-29,2
335,304,129,5,21,2022-05-13,14
4739,294,472,39,1,2023-02-25,14
3421,521,287,21,4,2022-06-23,2
1991,481,438,6,54,2022-12-03,15
3120,182,525,9,32,2022-11-25,27
860,523,487,31,62,2022-09-07,8
1349,532,461,29,93,2022-10-10,5
2875,509,456,3,79,2022-06-23,20
1971,382,417,27,39,2022-12-29,29
2988,77,236,14,52,2023-04-23,13
899,151,344,4,91,2023-02-21,1
3891,235,285,12,9,2022-06-18,2
3341,428,58,28,20,2023-04-28,44
1692,127,152,39,47,2023-03-23,21
1392,493,78,7,13,2022-11-10,17
1924,155,528,13,93,2022-12-15,31
4905,23,61,40,48,2022-07-03,41
2421,4,405,15,41,2022-06-04,33
2216,61,313,38,64,2022-05-08,46
2961,423,242,11,11,2022-05-04,21
2497,494,440,38,3,2023-04-02,44
4,360,187,29,86,2022-09-17,3
2623,482,20,39,95,2022-08-19,41
4927,27,13,24,53,2022-06-14,30
3220,525,193,9,62,2022-09-27,31
1877,130,61,7,41,2022-08-01,27
4871,67,383,36,76,2023-02-28,23
4705,476,515,15,28,2023-01-14,15
235,337,227,4,78,2022-07-12,1
46,462,1,28,75,2022-11-26,45
1799,145,458,0,36,2023-02-26,4
4185,130,413,0,52,2022-06-10,50
1086,99,48,25,76,2022-09-03,6
894,495,220,36,5,2023-03-04,6
3060,328,223,23,97,2023-03-09,1
3844,368,473,2,15,2022-10-21,48
4181,273,500,22,70,2023-01-10,7
4683,16,405,9,81,2023-01-24,6
2834,238,4,33,88,2022-11-13,5
376,175,248,31,91,2022-05-12,37
2934,164,180,1,61,2023-01-13,24
3934,66,309,3,66,2022-11-25,18
4103,301,459,20,94,2022-12-31,48
133,229,255,18,35,2022-09-15,28
1690,198,235,11,11,2022-10-23,7
1964,364,141,36,9,2022-05-09,37
1612,177,498,1,98,2022-09-21,50
4289,270,303,30,35,2022-11-28,9
4520,78,58,34,82,2022-05-05,14
2365,253,56,36,10,2022-10-24,20
4495,141,43,24,100,2022-12-07,32
2286,529,200,20,29,2022-05-01,37
442,468,183,21,64,2022-09-07,11
568,294,541,27,28,2022-11-20,29
2035,241,468,20,39,2023-01-28,46
4091,117,202,25,51,2023-03-26,16
1910,276,499,9,84,2023-04-09,34
2842,529,370,10,49,2022-09-01,1
2609,491,155,28,24,2022-11-17,39
3695,467,330,37,80,2022-09-11,8
2571,490,534,26,93,2022-10-13,33
643,135,479,36,25,2022-05-03,34
2981,70,378,1,77,2022-11-10,2
2906,127,386,8,13,2022-06-16,39
66,108,259,17,96,2022-10-07,9
4501,205,66,35,98,2022-05-20,47
1402,230,459,17,92,2022-12-11,39
1531,322,124,0,70,2022-10-16,11
719,13,131,40,31,2022-12-20,4
2258,217,417,35,86,2022-05-04,25
1258,170,301,11,73,2023-01-28,42
2285,460,109,27,85,2022-12-21,31
2640,59,431,24,5,2023-02-02,35
1749,58,125,11,21,2023-01-29,3
2845,355,512,19,71,2023-03-19,48
1505,363,4,17,37,2022-05-04,38
1162,219,85,30,39,2022-07-17,42
2358,306,392,0,91,2022-05-31,49
1840,241,521,24,38,2022-11-16,4
737,406,416,16,26,2023-02-13,32
3596,35,355,2,72,2023-04-05,26
2648,137,272,21,57,2022-09-15,46
2505,282,529,13,51,2023-02-05,11
2891,309,478,8,58,2022-09-08,11
4475,148,290,40,36,2023-01-05,43
1271,434,247,25,67,2023-01-06,31
4921,332,512,36,15,2022-07-03,32
3383,512,310,30,85,2023-01-29,12
2610,45,99,19,15,2022-06-15,6
3644,66,306,30,70,2022-08-23,19
3790,281,122,17,9,2022-12-10,1
510,56,332,31,2,2022-08-08,44
4538,15,191,9,38,2022-07-08,49
3202,489,99,6,59,2022-09-13,39
886,102,37,15,70,2022-10-31,2
3675,378,535,33,55,2023-03-10,3
2984,256,258,16,16,2022-06-27,30
3873,4,68,34,96,2023-01-15,9
4155,342,170,3,28,2022-08-23,37
4955,147,71,20,22,2022-09-15,34
3302,326,336,28,57,2022-11-10,22
3104,406,503,4,16,2022-12-10,1
4518,30,522,17,49,2022-10-27,5
374,487,524,23,8,2023-03-13,15
4791,447,147,16,98,2023-04-22,42
1185,177,39,32,1,2022-11-02,34
4894,379,10,10,57,2022-09-01,12
4878,321,22,27,25,2022-10-24,15
1130,87,144,28,53,2022-07-11,3
4661,388,40,23,52,2022-07-21,4
2247,309,410,19,84,2022-10-07,7
3583,28,213,20,88,2023-04-04,27
1588,522,54,6,51,2022-12-09,12
3746,318,424,4,24,2023-02-13,1
2890,349,443,16,2,2022-10-13,48
4392,15,482,32,2,2022-07-21,39
3285,109,248,30,89,2022-09-03,29
3385,120,222,0,37,2023-02-24,23
2430,212,517,24,62,2023-03-15,15
4300,486,157,8,19,2022-09-16,3
4999,259,363,38,72,2023-01-20,43
1526,95,410,5,62,2023-03-30,44
4351,18,562,23,20,2023-02-07,17
4421,470,341,29,75,2022-08-01,37
4367,484,514,32,13,2022-07-15,27
3355,323,454,23,54,2022-05-27,46
2374,509,391,11,4,2022-05-02,50
2312,429,444,20,26,2022-08-10,11
26,502,197,16,58,2022-08-06,40
2604,230,242,0,44,2022-06-18,22
2114,401,299,32,32,2022-11-19,30
1524,134,219,17,2,2022-09-28,40
1084,300,224,36,52,2022-07-19,28
3133,242,462,36,67,2022-12-29,45
520,500,400,5,24,2022-10-01,26
4078,147,353,39,4,2022-05-13,37
4780,390,78,24,15,2022-07-03,6
2923,294,381,2,89,2022-05-25,45
3963,107,503,20,4,2022-12-10,9
1745,311,195,19,98,2022-12-22,45
2720,349,66,35,20,2022-10-10,2
3818,135,69,11,52,2022-10-07,41
4700,71,515,29,20,2022-09-08,18
769,240,451,25,48,2022-07-10,25
4295,400,528,31,53,2022-08-09,11
3088,401,485,17,32,2023-04-17,34
2392,104,313,4,95,2022-12-25,15
3737,111,82,19,19,2023-01-08,20
1661,455,561,15,43,2022-07-27,44
2591,212,327,16,68,2022-08-04,10
2687,430,144,15,57,2023-02-13,14
3294,144,154,19,66,2022-05-28,31
2565,96,56,32,44,2023-03-03,39
1566,433,354,20,87,2023-02-16,34
840,157,352,21,65,2022-07-28,39
1330,79,161,29,94,2023-04-24,8
3440,141,395,6,31,2022-09-21,29
3969,437,298,8,4,2023-04-14,35
733,146,440,39,31,2022-09-16,29
2567,516,183,32,17,2022-11-01,45
615,274,296,9,61,2022-10-25,20
4919,519,242,34,97,2022-10-31,15
4049,395,541,20,51,2022-05-13,40
4011,470,497,31,7,2022-10-21,49
2183,23,374,1,52,2023-02-15,27
730,385,127,20,18,2022-10-07,44
1848,298,132,4,89,2022-06-08,41
376,496,367,29,89,2023-03-01,35
2572,400,61,40,73,2022-06-16,9
3791,112,369,36,95,2023-01-15,42
96,178,14,16,93,2022-09-29,40
936,254,9,28,37,2022-12-20,44
3663,292,337,24,44,2022-07-01,32
1973,244,525,28,54,2022-08-24,11
4325,253,421,39,15,2022-07-28,24
803,263,235,27,20,2022-10-04,32
1879,278,106,27,70,2022-08-10,31
4192,190,37,0,62,2022-10-20,11
690,69,126,15,76,2023-01-24,4
3630,389,280,2,68,2022-07-20,47
1184,520,321,0,54,2022-09-12,13
4136,323,54,37,37,2023-04-04,40
2010,48,444,30,65,2023-01-16,9
1392,290,420,2,74,2022-09-13,27
1625,242,230,19,96,2022-12-27,48
2487,4,374,13,98,2022-10-22,6
3117,54,230,34,75,2022-07-26,37
2898,84,540,9,81,2022-12-29,39
2826,77,490,39,34,2022-12-23,8
4312,146,125,25,18,2022-06-14,38
719,175,469,4,32,2022-09-04,10
4922,55,159,2,21,2023-01-25,14
2255,159,468,36,54,2023-02-10,28
3113,512,312,19,57,2022-10-29,16
83,329,448,2,3,2022-12-18,44
2174,448,256,7,31,2023-04-06,47
119,170,451,4,17,2023-01-27,22
2905,192,41,18,83,2022-07-06,16
4996,477,29,23,50,2022-09-22,33
4468,258,81,40,23,2023-04-02,1
2117,476,84,6,45,2022-12-27,50
625,229,173,36,8,2023-03-14,49
3653,465,3,29,61,2022-10-03,32
4126,35,312,0,35,2022-09-05,16
1723,13,376,5,40,2023-03-07,26
3862,149,164,0,56,2022-06-12,21
3755,343,439,34,72,2022-09-21,18
934,222,540,35,69,2023-01-01,30
1859,327,281,7,94,2023-02-27,48
974,225,30,30,34,2023-01-17,4
3240,272,299,37,67,2022-06-17,46
102,319,46,32,22,2023-01-08,31
3427,8,427,40,28,2022-11-30,24
3300,457,206,34,61,2023-04-19,49
3986,424,276,3,41,2023-04-06,33
4539,16,99,36,2,2022-08-02,30
939,232,142,0,52,2023-03-06,11
1995,438,510,37,98,2022-05-12,47
4807,154,501,32,15,2022-06-04,39
2733,504,124,36,93,2022-10-22,33
3001,211,73,23,50,2022-12-24,31
1021,47,562,32,91,2023-02-03,18
2062,286,135,14,27,2022-05-22,6
3840,112,111,10,55,2023-01-18,35
654,251,470,40,76,2022-08-02,48
2660,113,342,19,85,2023-04-02,32
2489,293,122,30,6,2023-01-22,24
4058,421,512,19,15,2022-05-15,35
308,361,271,31,79,2022-10-06,8
1019,110,197,17,38,2022-10-04,22
561,245,44,28,43,2022-09-18,38
1285,296,216,35,81,2022-08-18,43
421,517,469,33,52,2022-12-27,18
952,271,260,24,67,2022-09-19,14
217,158,285,37,24,2023-02-22,21
3375,452,42,34,8,2023-04-25,44
2727,313,174,6,94,2023-02-03,32
3215,409,508,14,25,2022-06-11,32
3683,351,224,33,38,2023-03-03,14
1329,42,308,20,23,2023-02-15,35
999,317,440,24,66,2023-02-16,9
4405,408,349,20,15,2023-03-23,31
2051,209,359,30,64,2022-12-28,3
3642,244,106,37,97,2023-01-01,24
4977,31,187,33,94,2022-11-20,29
1014,445,484,10,48,2022-09-15,16
3208,312,530,23,27,2023-02-23,42
1023,323,553,3,22,2022-07-19,22
67,384,127,23,67,2022-12-28,17
2500,316,443,33,22,2022-05-24,19
3729,207,123,30,89,2023-02-02,26
2609,265,291,23,52,2023-01-23,18
3889,519,560,40,78,2023-01-30,7
4329,343,515,20,97,2022-07-31,33
1960,526,254,3,32,2023-03-19,15
2286,536,549,18,14,2022-07-02,10
4278,376,298,24,61,2022-12-10,34
1006,1,467,34,42,2022-05-12,33
4228,37,159,13,75,2022-07-10,34
1377,516,186,39,55,2022-11-20,9
4923,451,356,30,18,2022-07-26,41
3100,256,490,34,10,2022-10-15,32
1607,507,86,15,16,2023-01-21,25
3133,407,499,1,77,2023-02-26,18
4914,173,193,16,25,2022-12-11,49
188,247,51,40,88,2023-04-27,48
1606,103,292,19,10,2023-03-19,19
1398,527,371,21,32,2023-01-05,6
3164,0,409,27,85,2022-09-26,31
3251,98,42,15,24,2022-09-12,38
4027,370,308,30,27,2022-05-21,29
3293,434,476,6,71,2022-07-29,13
1892,462,261,1,4,2022-11-14,25
720,178,426,29,33,2022-05-24,46
590,285,136,10,57,2022-07-03,25
2724,413,227,17,100,2022-08-16,9
2646,64,6,18,60,2022-06-08,9
584,419,464,25,21,2022-12-04,26
601,291,366,36,75,2022-06-08,32
2878,461,400,10,75,2022-05-03,1
3149,254,267,32,63,2022-09-03,31
1690,75,387,4,85,2022-07-24,13
4765,81,465,23,77,2022-12-20,35
2178,440,439,7,40,2023-02-04,8
2103,188,112,5,37,2022-07-20,25
2487,165,526,9,18,2022-07-29,10
702,446,475,40,97,2022-06-23,45
563,453,209,22,81,2022-09-17,1
2427,211,355,26,96,2023-01-22,37
517,76,559,8,61,2023-02-11,10
4936,496,27,26,44,2023-01-15,37
3207,5,55,16,32,2023-03-14,8
4557,47,465,8,21,2023-04-19,34
1991,422,341,38,70,2022-05-15,45
2571,281,467,0,76,2022-12-22,40
4136,157,215,15,6,2022-07-06,28
1358,354,431,25,53,2022-07-10,38
899,118,546,28,85,2022-11-03,19
1894,201,506,11,69,2022-10-27,8
362,296,104,5,89,2022-11-02,30
1182,98,63,20,83,2022-06-30,49
4697,518,468,10,96,2022-07-19,30
4453,382,505,35,39,2022-12-15,25
3728,266,458,27,97,2022-11-12,43
4935,187,198,21,11,2023-04-28,36
3879,159,188,24,3,2022-09-14,7
461,85,230,26,78,2022-06-26,16
935,42,514,2,35,2022-05-12,46
2504,156,253,25,7,2022-08-21,44
3998,204,129,32,56,2022-09-05,15
4962,144,455,23,19,2022-06-16,14
1824,254,470,38,16,2023-02-10,13
49,161,205,9,21,2022-08-28,10
2339,23,339,5,90,2022-07-29,20
3953,507,329,8,60,2023-02-27,33
1054,440,242,26,62,2022-10-27,30
3124,28,269,6,13,2022-10-18,19
316,315,237,29,86,2023-04-02,29
4393,455,63,17,72,2022-09-15,35
4974,248,64,27,5,2022-12-14,23
4091,297,167,3,45,2022-05-01,25
4709,394,148,9,17,2023-01-18,34
3983,363,384,14,52,2022-08-05,29
881,229,288,18,61,2022-08-15,2
3272,191,383,14,17,2022-05-03,29
1891,504,132,21,4,2022-12-05,6
537,301,199,16,61,2022-06-26,12
3823,10,533,5,96,2023-01-19,43
1898,269,25,9,39,2022-08-17,38
2936,289,470,22,76,2022-07-08,18
4203,285,79,30,38,2022-09-01,5
4420,350,511,19,75,2022-10-16,12
3856,6,261,7,79,2022-09-06,45
358,18,107,13,76,2023-04-08,40
452,375,312,27,89,2022-10-16,8
2348,531,406,17,30,2022-12-07,15
1370,179,88,33,65,2023-03-30,15
1960,376,98,23,60,2022-09-28,12
1231,114,141,0,63,2022-05-02,29
976,447,391,25,62,2022-12-25,33
4877,283,127,14,29,2022-09-15,31
3082,9,552,31,93,2023-02-28,4
1268,246,354,22,11,2022-05-03,35
5000,242,382,32,80,2023-02-01,33
4745,515,30,12,66,2022-09-28,1
317,29,394,39,46,2022-12-15,14
719,244,73,5,54,2022-11-16,41
385,9,12,1,29,2023-03-10,35
3361,92,511,15,50,2023-01-11,25
1225,220,132,7,57,2022-05-15,43
4424,67,287,0,43,2023-02-18,11
109,98,14,7,97,2022-11-06,31
2336,499,191,15,58,2023-04-01,36
476,201,54,6,81,2023-01-06,23
3169,74,25,25,51,2022-05-07,23
4874,261,380,31,35,2022-10-24,46
458,185,409,6,49,2022-09-29,36
670,79,527,25,75,2022-07-06,46
3426,114,499,35,1,2022-06-23,29
4413,343,53,32,94,2022-09-24,16
3,447,114,17,71,2022-08-07,3
591,339,517,5,2,2022-10-09,30
1482,419,156,38,18,2022-06-17,13
3540,233,89,36,65,2022-07-15,35
4392,388,31,33,98,2023-02-17,16
1966,62,501,11,77,2022-12-06,3
3228,374,288,19,11,2023-02-26,20
1570,92,239,1,26,2022-08-23,7
4183,401,77,11,62,2022-09-28,27
2149,108,220,0,97,2022-09-27,13
534,472,474,17,59,2022-09-20,15
4181,535,409,30,13,2022-09-24,25
3648,492,463,14,38,2022-05-29,10
901,132,157,3,59,2022-10-17,33
379,453,424,40,92,2022-12-15,19
689,343,499,26,87,2023-01-03,50
4062,163,437,9,13,2023-04-20,7
2608,286,430,4,60,2022-12-05,46
2296,468,60,24,40,2022-08-12,50
2008,396,111,17,56,2022-08-30,1
2738,106,79,30,8,2022-09-03,4
4760,293,320,26,31,2022-10-29,11
3039,380,368,20,88,2022-12-16,14
451,306,18,27,81,2023-03-04,39
4898,497,403,27,83,2022-09-14,30
4785,223,31,34,17,2023-04-02,29
4623,345,560,38,36,2022-12-16,3
1012,44,338,4,37,2022-11-04,33
1783,255,24,15,16,2022-09-23,21
416,97,39,10,68,2022-06-13,45
2637,275,6,17,90,2022-09-05,12
4148,362,251,24,81,2022-08-01,30
47,137,354,35,25,2022-09-30,20
3220,419,451,6,49,2023-03-30,27
853,166,284,26,1,2022-09-06,5
54,452,230,35,28,2022-09-22,24
775,467,209,11,54,2022-09-10,48
4826,176,308,26,15,2022-06-15,12
1029,424,237,9,4,2022-11-23,38
2231,2,420,9,13,2022-06-30,5
1718,514,179,29,72,2022-05-24,27
4422,473,534,6,50,2022-09-23,38
2379,57,82,6,4,2022-10-01,5
2048,453,251,29,11,2023-02-03,26
764,360,94,0,75,2022-12-18,45
1196,210,324,28,28,2023-04-28,45
406,290,348,29,81,2022-07-06,33
2377,494,61,12,47,2022-05-07,31
983,469,128,32,44,2023-04-01,46
2884,440,171,25,28,2022-10-17,12
1583,456,235,17,16,2023-02-08,17
3277,224,388,25,2,2023-04-16,14
2462,422,42,30,77,2022-11-07,30
4937,140,131,2,73,2022-12-10,23
3524,196,452,8,25,2022-11-27,2
2851,115,373,39,48,2022-11-15,35
4867,490,203,1,44,2022-05-14,25
1066,0,195,16,80,2022-08-04,46
1347,383,455,33,89,2023-04-21,20
3182,483,345,11,63,2022-09-18,13
1890,75,148,0,16,2022-06-22,40
4718,388,192,16,52,2022-10-31,7
824,529,214,23,45,2023-01-24,33
1771,392,15,27,81,2022-07-17,43
3582,74,324,20,27,2023-01-30,1
648,119,329,8,4,2022-05-29,8
2742,44,410,21,67,2022-05-09,21
1587,25,315,11,32,2022-12-08,5
2255,445,38,11,64,2023-03-02,26
506,453,152,15,22,2023-02-28,18
851,91,419,32,62,2022-06-29,2
3811,214,322,25,71,2023-04-25,31
2901,394,314,13,22,2023-04-23,32
4164,424,512,3,18,2022-05-18,14
2816,2,371,13,67,2023-03-14,9
1785,301,192,25,54,2022-06-19,1
81,418,81,21,11,2022-07-17,38
3700,364,459,11,69,2022-07-14,12
1852,437,373,9,12,2022-07-17,21
806,279,37,12,79,2022-09-21,3
1797,326,238,4,66,2023-01-28,40
375,113,188,10,22,2023-04-23,9
2751,20,5,37,25,2023-02-04,21
4486,451,110,8,10,2022-10-17,32
2129,272,340,40,43,2023-02-06,41
4802,387,412,12,1,2023-01-10,40
769,167,36,23,43,2023-02-20,29
2298,350,113,33,35,2023-04-20,26
4796,505,6,37,47,2022-05-15,27
2639,504,37,38,43,2022-10-01,8
3991,348,70,40,18,2023-03-06,41
4104,505,126,2,64,2022-06-08,28
523,44,94,16,30,2023-04-06,37
4986,444,166,17,32,2022-10-07,13
2617,39,483,30,14,2023-03-19,12
2568,184,212,19,90,2022-12-09,42
185,279,482,5,100,2022-12-09,30
4929,70,531,0,16,2022-05-01,8
3924,79,527,19,2,2022-08-28,2
2330,281,245,10,44,2022-08-03,15
85,160,277,32,58,2022-11-20,28
2302,326,375,27,41,2022-08-09,46
2155,211,139,14,34,2022-09-09,26
3632,394,145,29,75,2023-03-24,28
951,305,242,3,8,2023-03-14,31
4072,14,258,2,50,2022-12-04,42
2200,78,81,40,36,2022-05-07,16
1203,415,7,23,23,2023-03-04,11
4416,321,172,5,80,2022-08-28,9
3435,485,354,40,6,2022-12-09,45
2342,19,462,5,40,2022-09-03,25
1865,348,28,18,46,2022-06-10,26
3480,365,404,10,1,2022-09-29,27
4135,42,460,36,54,2023-02-18,23
3427,377,37,22,54,2022-07-29,45
3142,153,20,14,88,2022-05-25,1
2976,200,253,35,36,2023-03-19,39
399,315,435,21,4,2022-08-21,2
102,513,511,29,82,2022-08-25,27
1380,254,441,7,96,2022-06-24,31
3885,256,371,2,12,2023-03-07,9
4193,48,413,12,35,2022-07-30,41
138,192,422,7,28,2022-09-01,49
266,278,144,39,50,2022-10-03,43
1452,175,136,39,17,2023-01-24,5
3810,98,271,6,25,2023-01-17,11
2339,355,361,5,69,2022-09-16,24
1814,163,478,5,77,2023-03-26,49
561,439,205,15,41,2023-03-17,37
4623,46,134,30,28,2022-11-12,47
2166,76,209,14,14,2022-12-26,35
1507,63,96,2,34,2023-02-05,46
3024,440,508,29,82,2023-02-27,1
844,107,224,34,13,2022-08-08,41
3502,27,86,32,63,2022-08-25,33
2988,414,158,30,61,2022-10-31,4
4468,249,94,10,24,2023-03-16,15
4816,362,514,9,72,2023-02-03,48
1029,127,75,20,82,2022-07-23,46
4541,113,457,25,81,2022-09-05,49
2299,236,87,11,77,2022-05-05,24
337,84,291,13,71,2022-12-05,13
